id	title	description	availability	condition	price	link	image_link	brand
1079964617815406	10x12 Side Utility Shed	This 10x12 Derksen Best Value Side Utility Shed gives you practical storage without taking up a ton of space. It's a good fit for lawn equipment, tools, seasonal items, and the stuff that's slowly taking over the garage. Price is + tax.	in stock	new	3750.00 USD	https://homesteadlandingtn.com/shop/10x12-side-utility-shed-storage-you-can-own-1079964617815406	https://raw.githubusercontent.com/homesteadlandingtn-dixy/homestead-shop-data/main/shop/10x12-side-utility-shed-1079964617815406-cover.jpg	Homestead Landing
1501423885038712	8x12 Derksen Lofted Barn	This 8x12 Derksen Best Value Wooden Lofted Barn is a practical way to get tools, totes, seasonal items, and yard equipment out of the weather. Price is + tax.	in stock	new	3330.00 USD	https://homesteadlandingtn.com/shop/8x12-derksen-wooden-lofted-barn-free-delivery-1501423885038712	https://raw.githubusercontent.com/homesteadlandingtn-dixy/homestead-shop-data/main/shop/8x12-derksen-lofted-barn-1501423885038712-cover.jpg	Derksen
1386910362821062	20x60x14 MaxSteel RV Cover	Big RV. Big Trailer. Real Protection. Price is + tax.	in stock	new	13645.00 USD	https://homesteadlandingtn.com/shop/20x60x14-maxsteel-rv-cover-protect-your-rv-all-winter-1386910362821062	https://raw.githubusercontent.com/homesteadlandingtn-dixy/homestead-shop-data/main/shop/20x60x14-maxsteel-rv-cover-1386910362821062-cover.jpg	MaxSteel
4285476065096853	40x30x12 MaxSteel Enclosed Steel Building	Need extra height and serious strength for trucks, trailers, or equipment? This 40x30x12 MaxSteel commercial-grade structure is built for real work. Closed sides with gabled ends give you solid protection and easy drive-through access for daily use. Price is + tax.	in stock	new	21998.00 USD	https://homesteadlandingtn.com/shop/40x30x12-maxsteel-enclosed-steel-building-pre-winter-equipme-4285476065096853	https://raw.githubusercontent.com/homesteadlandingtn-dixy/homestead-shop-data/main/shop/40x30x12-maxsteel-enclosed-steel-building-4285476065096853-cover.jpg	MaxSteel
1779905959714583	8x12 Derksen Utility Shed	This 8x12 Derksen Utility Shed is a practical, well-built option for tools, lawn equipment, or everyday overflow - delivered ready to use. Price is + tax.	in stock	new	3143.00 USD	https://homesteadlandingtn.com/shop/8x12-derksen-utility-shed-storage-ready-to-go-1779905959714583	https://raw.githubusercontent.com/homesteadlandingtn-dixy/homestead-shop-data/main/shop/8x12-derksen-utility-shed-1779905959714583-cover.jpg	Derksen
952150950508420	10x12 Metal Utility Shed	Need solid storage without overspending? Price is + tax.	in stock	new	2670.00 USD	https://homesteadlandingtn.com/shop/10x12-metal-utility-shed-winter-ready-storage-free-delivery-952150950508420	https://raw.githubusercontent.com/homesteadlandingtn-dixy/homestead-shop-data/main/shop/10x12-metal-utility-shed-952150950508420-cover.jpg	Homestead Landing
1614461320267946	10x20 Derksen Lofted Barn	This 10x20 Derksen Best Value Wood Lofted Barn gives you storage where it counts - on the floor and up in the lofts. Price is + tax.	in stock	new	5950.00 USD	https://homesteadlandingtn.com/shop/10x20-derksen-lofted-barn-shed-payments-available-1614461320267946	https://raw.githubusercontent.com/homesteadlandingtn-dixy/homestead-shop-data/main/shop/10x20-derksen-lofted-barn-1614461320267946-cover.jpg	Derksen
1822648988752492	8x16 Utility Shed	Looking for a versatile storage solution with extra headroom? This 8x16 Derksen Utility Shed with a 5’ Roll-Up Garage Door is the perfect fit for your property! Whether you need a place to store equipment, tools, or your lawnmower, this shed is built to handle it all with ease. Price is + tax.	in stock	new	5113.00 USD	https://homesteadlandingtn.com/shop/8x16-utility-shed-w-roll-up-door-delivered-before-winter-1822648988752492	https://raw.githubusercontent.com/homesteadlandingtn-dixy/homestead-shop-data/main/shop/8x16-utility-shed-1822648988752492-cover.jpg	Homestead Landing
1071291468717016	10x15 MaxSteel Greenhouse	This isn't your online ordered flimsy plastic kit! Price is + tax.	in stock	new	9065.00 USD	https://homesteadlandingtn.com/shop/10x15-maxsteel-greenhouse-steel-frame-year-round-growing-1071291468717016	https://raw.githubusercontent.com/homesteadlandingtn-dixy/homestead-shop-data/main/shop/10x15-maxsteel-greenhouse-1071291468717016-cover.jpg	MaxSteel
1057826180165624	12×30 Derksen Lofted Barn Cabin	This 12x30 Derksen Lofted Barn Cabin gives you plenty of usable space with loft storage built in. It is a solid choice for storage, hunting gear, a weekend retreat setup, or a DIY project where you want a strong shell to start with. Price is + tax.	in stock	new	11186.00 USD	https://homesteadlandingtn.com/shop/12-30-derksen-lofted-barn-cabin-roomy-shell-with-loft-space-1057826180165624	https://raw.githubusercontent.com/homesteadlandingtn-dixy/homestead-shop-data/main/shop/12x30-derksen-lofted-barn-cabin-1057826180165624-cover.jpg	Derksen
2244187633102114	12x25x8 Metal Carport / Garage Combo	This 12x25x8 MaxSteel Carport/Garage Combo is the perfect solution for those needing both open and enclosed space. Keep your vehicles protected under the carport while securing tools, equipment, or seasonal storage in the enclosed section. Built with durability in mind, this structure is designed to last for years to come. Price is + tax.	in stock	new	7128.87 USD	https://homesteadlandingtn.com/shop/12x25x8-metal-carport-garage-combo-payments-available-2244187633102114	https://raw.githubusercontent.com/homesteadlandingtn-dixy/homestead-shop-data/main/shop/12x25x8-maxsteel-metal-carport-garage-combo-2244187633102114-cover.jpg	Homestead Landing
4558770087699050	32x20x10/7 Metal Barn -Delivery/Installation Included	This 32x20x10/7 MaxSteel Summit Metal Barn is the perfect way to create covered space for trucks, trailers, tractors, mowers, hay, tools, and equipment. Price is + tax.	in stock	new	7903.58 USD	https://homesteadlandingtn.com/shop/32x20x10-7-metal-barn-delivery-installation-included-4558770087699050	https://raw.githubusercontent.com/homesteadlandingtn-dixy/homestead-shop-data/main/shop/32x20x10-7-maxsteel-metal-barn-4558770087699050-cover.jpg	Homestead Landing
2708552282872370	10x16 Metal Side Gable Utility Shed	Need dependable storage without giving up half the backyard? This 10x16 metal side gable utility shed gives you plenty of room for mowers, tools, lawn equipment, and the stuff currently taking over the garage. Price is + tax.	in stock	new	4176.00 USD	https://homesteadlandingtn.com/shop/10x16-metal-side-gable-utility-shed-rent-to-own-available-2708552282872370	https://raw.githubusercontent.com/homesteadlandingtn-dixy/homestead-shop-data/main/shop/10x16-metal-side-gable-utility-shed-2708552282872370-cover.jpg	Homestead Landing
1061758269664953	18x20x8 Metal Carport	Looking for straightforward, dependable protection for your vehicle or equipment? This 18×20×8 MaxSteel metal carport is built to handle Tennessee weather without stretching the budget. Price is + tax.	in stock	new	3592.00 USD	https://homesteadlandingtn.com/shop/18x20x8-metal-carport-budget-smart-1061758269664953	https://raw.githubusercontent.com/homesteadlandingtn-dixy/homestead-shop-data/main/shop/18x20x8-maxsteel-metal-carport-1061758269664953-cover.jpg	Homestead Landing
1249145813949827	10x16 Derksen Lofted Barn	Need more storage without giving up your floor space? This 10x16 Derksen Lofted Barn gives you a roomy layout with overhead loft storage, making it a smart choice for equipment, household overflow, and keeping things organized. Price is + tax.	in stock	new	6031.65 USD	https://homesteadlandingtn.com/shop/10x16-derksen-lofted-barn-built-for-big-storage-needs-1249145813949827	https://raw.githubusercontent.com/homesteadlandingtn-dixy/homestead-shop-data/main/shop/10x16-derksen-lofted-barn-1249145813949827-cover.jpg	Derksen
2016849733051520	12x24 Derksen Lofted Barn Garage	This 12x24 Derksen Lofted Barn Garage gives you the functionality of a garage with the added bonus of overhead storage, making it the perfect fit for tools, vehicles, or even a workshop. Price is + tax.	in stock	new	9505.00 USD	https://homesteadlandingtn.com/shop/12x24-derksen-lofted-barn-garage-winter-ready-workshop-stora-2016849733051520	https://raw.githubusercontent.com/homesteadlandingtn-dixy/homestead-shop-data/main/shop/12x24-derksen-lofted-barn-garage-2016849733051520-cover.jpg	Derksen
931027049335264	12x24 Derksen Side Utility	Need real storage space with easier access? This 12x24 Derksen Side Utility gives you room for mowers, tools, seasonal storage, or a work area without feeling cramped. The 7' tall ramp-style door makes loading bigger equipment a lot simpler. Price is + tax.	in stock	new	8324.00 USD	https://homesteadlandingtn.com/shop/12x24-derksen-side-utility-with-ramp-door-winter-storage-rea-931027049335264	https://raw.githubusercontent.com/homesteadlandingtn-dixy/homestead-shop-data/main/shop/12x24-derksen-side-utility-931027049335264-cover.jpg	Derksen
905004465529714	18x45x14 MaxSteel RV Cover	This 18x45x14 MaxSteel RV Cover is the perfect way to create covered parking for an RV, camper, boat, trailer, or other tall equipment. The open-sided design gives you plenty of clearance while keeping the roof between your investment and the weather. Price is + tax.	in stock	new	9135.95 USD	https://homesteadlandingtn.com/shop/18x45x14-maxsteel-rv-cover-rent-to-own-available-905004465529714	https://raw.githubusercontent.com/homesteadlandingtn-dixy/homestead-shop-data/main/shop/18x45x14-maxsteel-rv-cover-905004465529714-cover.jpg	MaxSteel
4430103417264713	42x30x12 MaxSteel Apex Barn	This 42x30x12 MaxSteel Apex Barn is a practical setup for covered equipment storage, vehicle protection, and enclosed workspace. The enclosed center section gives you secure storage, while the lean-tos provide covered space on both sides. Price is + tax.	in stock	new	16750.13 USD	https://homesteadlandingtn.com/shop/42x30x12-maxsteel-apex-barn-rent-to-own-available-4430103417264713	https://raw.githubusercontent.com/homesteadlandingtn-dixy/homestead-shop-data/main/shop/42x30x12-maxsteel-apex-barn-4430103417264713-cover.jpg	MaxSteel
1058596533383028	12x20x6 MaxSteel Carport	This 12x20x6 MaxSteel carport is a straightforward way to stop leaving your vehicle, mower, trailer, or equipment sitting out in the weather. The vertical roof is built to shed rain efficiently, while the open layout keeps parking and access simple. It's practical coverage without overcomplicating things. Price is + tax.	in stock	new	2569.25 USD	https://homesteadlandingtn.com/shop/12x20x6-maxsteel-carport-free-installation-1058596533383028	https://raw.githubusercontent.com/homesteadlandingtn-dixy/homestead-shop-data/main/shop/12x20x6-maxsteel-carport-1058596533383028-cover.jpg	MaxSteel
1745407283546836	14x36 Derksen Side Utility	This 14x36 Derksen Side Utility is the perfect way to create a serious workshop, home business space, or backyard storage setup. With full 8' walls, a 9-lite walk-in door, and three 3x3 windows, it gives you plenty of headroom, natural light, and easy access. Price is + tax.	in stock	new	12686.00 USD	https://homesteadlandingtn.com/shop/14x36-derksen-side-utility-pre-winter-workshop-storage-1745407283546836	https://raw.githubusercontent.com/homesteadlandingtn-dixy/homestead-shop-data/main/shop/14x36-derksen-side-utility-1745407283546836-cover.jpg	Derksen
1723653425352962	12x20x6 MaxSteel Metal Carport	This 12x20x6 MaxSteel carport is a practical way to protect your vehicle, mower, tractor, trailer, or outdoor equipment from the weather. The 3' side panels give you a little extra coverage while still keeping it open and easy to access. Price is + tax.	in stock	new	2130.57 USD	https://homesteadlandingtn.com/shop/12x20x6-maxsteel-metal-carport-one-vehicle-cover-1723653425352962	https://raw.githubusercontent.com/homesteadlandingtn-dixy/homestead-shop-data/main/shop/12x20x6-maxsteel-metal-carport-1723653425352962-cover.jpg	MaxSteel
2020057055545330	10x16 Derksen Lofted Barn	Stuck renting storage? This 10x16 Derksen Lofted Barn gives you more room for tools, totes, equipment, holiday decorations, and all the stuff that somehow keeps multiplying when nobody is looking. Price is + tax.	in stock	new	5207.92 USD	https://homesteadlandingtn.com/shop/10x16-derksen-lofted-barn-rent-to-own-available-2020057055545330	https://raw.githubusercontent.com/homesteadlandingtn-dixy/homestead-shop-data/main/shop/10x16-derksen-lofted-barn-2020057055545330-cover.jpg	Derksen
1763403328013206	8x12 Derksen Best Value Utility Shed	Need a solid place to keep tools, lawn equipment, or seasonal items protected from the weather? This 8x12 Derksen Best Value Utility Shed is a simple, dependable storage solution that gets the job done without overspending. Price is + tax.	in stock	new	2359.00 USD	https://homesteadlandingtn.com/shop/8x12-derksen-best-value-utility-shed-no-credit-check-rent-to-1763403328013206	https://raw.githubusercontent.com/homesteadlandingtn-dixy/homestead-shop-data/main/shop/8x12-derksen-best-value-utility-shed-1763403328013206-cover.jpg	Derksen
917041951453541	12x20 Derksen Best Value Side Utility Shed	Need reliable storage without the fluff? This 12x20 Derksen Best Value Side Utility gives you solid construction, easy access, and long-term protection - a practical shed that just works, season after season. Price is + tax.	in stock	new	6430.00 USD	https://homesteadlandingtn.com/shop/12x20-derksen-best-value-side-utility-shed-rent-to-own-avail-917041951453541	https://raw.githubusercontent.com/homesteadlandingtn-dixy/homestead-shop-data/main/shop/12x20-derksen-best-value-side-utility-shed-917041951453541-cover.jpg	Derksen
1674049040361270	18x20x8 MaxSteel Carport	Cover your vehicles or backyard projects with this elegant MaxSteel Carport. Price is + tax.	in stock	new	2789.00 USD	https://homesteadlandingtn.com/shop/18x20x8-maxsteel-carport-hunter-green-finish-1674049040361270	https://raw.githubusercontent.com/homesteadlandingtn-dixy/homestead-shop-data/main/shop/18x20x8-maxsteel-carport-1674049040361270-cover.jpg	MaxSteel
2136533133874178	8x12 Derksen Best Value Lofted Barn	Need a little extra storage but don’t want to break the bank? This 8x12 Derksen Best Value Wood Lofted Barn is a perfect fit. Price is + tax.	in stock	new	3471.83 USD	https://homesteadlandingtn.com/shop/8x12-derksen-best-value-lofted-barn-rent-to-own-available-2136533133874178	https://raw.githubusercontent.com/homesteadlandingtn-dixy/homestead-shop-data/main/shop/8x12-derksen-best-value-lofted-barn-2136533133874178-cover.jpg	Derksen
2118446735416313	42x30 Metal Barn	This one’s a beast. Fully enclosed 30x40 MaxSteel Apex Barn with 11' legs, a 10x12 roll-up door, walk-in door, full insulation (roof, all walls), and concrete anchor setup. Built to handle Tennessee weather with a vertical roof and clean finish. Price is + tax.	in stock	new	33100.00 USD	https://homesteadlandingtn.com/shop/42x30-metal-barn-rent-to-own-available-2118446735416313	https://raw.githubusercontent.com/homesteadlandingtn-dixy/homestead-shop-data/main/shop/42x30-maxsteel-metal-barn-2118446735416313-cover.jpg	Homestead Landing
27897233063268402	20x24x8 Metal RV Cover	Need to protect your RV, camper, or trailer from the Tennessee sun and storms? This 20x24x8 all-metal RV cover from MaxSteel is a no-brainer. Built to last with open sides for airflow and a vertical roof to handle wind and rain. Price is + tax.	in stock	new	3689.00 USD	https://homesteadlandingtn.com/shop/20x24x8-metal-rv-cover-rent-to-own-available-27897233063268402	https://raw.githubusercontent.com/homesteadlandingtn-dixy/homestead-shop-data/main/shop/20x24x8-metal-rv-cover-27897233063268402-cover.jpg	Homestead Landing
1078267048483534	30x40x12 MaxSteel Metal Garage	Need serious storage or shop space? This 30x40x12 MaxSteel garage is built for real work. Price is + tax.	in stock	new	21857.28 USD	https://homesteadlandingtn.com/shop/30x40x12-maxsteel-metal-garage-shop-or-storage-building-1078267048483534	https://raw.githubusercontent.com/homesteadlandingtn-dixy/homestead-shop-data/main/shop/30x40x12-maxsteel-metal-garage-1078267048483534-cover.jpg	MaxSteel
1502161281627013	10x20 Derksen Metal Utility Shed	This 10x20 metal-sided utility shed gives you all the space you need with the durability you expect from Derksen. Whether you’re storing tools, setting up a workshop, or need extra room for lawn equipment, this unit handles it all with ease. Price is + tax.	in stock	new	5122.00 USD	https://homesteadlandingtn.com/shop/10x20-derksen-metal-utility-shed-no-credit-check-rto-1502161281627013	https://raw.githubusercontent.com/homesteadlandingtn-dixy/homestead-shop-data/main/shop/10x20-derksen-metal-utility-shed-1502161281627013-cover.jpg	Derksen
1092978429730776	20x20x9 MaxSteel Garage	Need a garage that’s not too big, not too small - just right? Price is + tax.	in stock	new	8814.00 USD	https://homesteadlandingtn.com/shop/20x20x9-maxsteel-garage-winter-vehicle-storage-workshop-1092978429730776	https://raw.githubusercontent.com/homesteadlandingtn-dixy/homestead-shop-data/main/shop/20x20x9-maxsteel-garage-1092978429730776-cover.jpg	MaxSteel
1272734758212707	10x16 Derksen Best Value Shed	Looking for an affordable and secure storage solution? This 10x16 Derksen Best Value Utility Shed is perfect for keeping your tools and equipment safe without breaking the bank! Price is + tax.	in stock	new	3325.00 USD	https://homesteadlandingtn.com/shop/10x16-derksen-best-value-shed-rent-to-own-available-1272734758212707	https://raw.githubusercontent.com/homesteadlandingtn-dixy/homestead-shop-data/main/shop/10x16-derksen-best-value-shed-1272734758212707-cover.jpg	Derksen
1061443859799253	12x20 Side Gable Metal Shed	Looking for serious storage with a sleek, upgraded look? This 12x20 Derksen Side Gable Metal Utility Shed delivers the goods — with clean lines, extra strength, and a layout that’s perfect for storing tools, equipment, or even starting a backyard workshop. Price is + tax.	in stock	new	6094.61 USD	https://homesteadlandingtn.com/shop/12x20-side-gable-metal-shed-rent-to-own-available-1061443859799253	https://raw.githubusercontent.com/homesteadlandingtn-dixy/homestead-shop-data/main/shop/12x20-side-gable-metal-shed-1061443859799253-cover.jpg	Homestead Landing
1171970769344063	22x24x9 MaxSteel Garage	Looking for spacious storage with extra covered outdoor space? This 22’ x 24’ x 9’ MaxSteel Metal Garage with a lean-to is the perfect combination of protection and functionality. Whether you need a workshop, vehicle storage, or extra space for equipment, this garage is built to stand the test of time with durable steel construction and weather-resistant features. Price is + tax.	in stock	new	12454.98 USD	https://homesteadlandingtn.com/shop/22x24x9-maxsteel-garage-with-lean-to-winter-ready-workshop-s-1171970769344063	https://raw.githubusercontent.com/homesteadlandingtn-dixy/homestead-shop-data/main/shop/22x24x9-maxsteel-garage-1171970769344063-cover.jpg	MaxSteel
2107340390170220	26x20x10 MaxSteel Triple Wide Carport	This Triple-Wide 26x20x10 MaxSteel Carport is built to protect multiple vehicles, equipment, or outdoor workspace from the elements. Its durable steel construction and spacious design make it an ideal solution for homeowners, businesses, and farms needing reliable coverage. Price is + tax.	in stock	new	6176.00 USD	https://homesteadlandingtn.com/shop/26x20x10-maxsteel-triple-wide-carport-rent-to-own-available-2107340390170220	https://raw.githubusercontent.com/homesteadlandingtn-dixy/homestead-shop-data/main/shop/26x20x10-maxsteel-triple-wide-carport-2107340390170220-cover.jpg	MaxSteel
1036638492561909	40x30 MaxSteel Apex Barn	This 40x30x12 MaxSteel Apex Barn is built for those who need serious space and durability. Whether you’re sheltering livestock, storing farm equipment, or creating a multi-use workspace, this barn is designed to handle it all. The Apex roof design adds extra clearance, making it a versatile and long-lasting solution for your property. Price is + tax.	in stock	new	13476.20 USD	https://homesteadlandingtn.com/shop/40x30-maxsteel-apex-barn-winter-shelter-for-livestock-equipm-1036638492561909	https://raw.githubusercontent.com/homesteadlandingtn-dixy/homestead-shop-data/main/shop/40x30-maxsteel-apex-barn-1036638492561909-cover.jpg	MaxSteel
1935955054257506	30x25x11 MaxSteel Carport Workshop	30x25x9 MaxSteel Carport Workshop Price is + tax.	in stock	new	15199.61 USD	https://homesteadlandingtn.com/shop/30x25x11-maxsteel-carport-workshop-rent-to-own-available-1935955054257506	https://raw.githubusercontent.com/homesteadlandingtn-dixy/homestead-shop-data/main/shop/30x25x11-maxsteel-carport-workshop-1935955054257506-cover.jpg	MaxSteel
2145734985988287	6x8 Metro Shed	The 6x8 Metro Shed is the perfect solution for those who need reliable storage in a compact footprint. Designed for urban and suburban settings, this space-saving shed is ideal for storing tools, lawn equipment, seasonal décor, and more. With durable LP Smart Siding painted finish, a sturdy metal roof, and a secure 36” door, this shed provides long-lasting protection for your belongings while fitting seamlessly into smaller spaces. Whether you're organizing your backyard or adding extra storage to your property, the Metro Shed delivers durability, convenience, and style. Price is + tax.	in stock	new	2084.00 USD	https://homesteadlandingtn.com/shop/6x8-metro-shed-winter-ready-storage-rto-from-78-2145734985988287	https://raw.githubusercontent.com/homesteadlandingtn-dixy/homestead-shop-data/main/shop/6x8-metro-shed-2145734985988287-cover.jpg	Homestead Landing
1381843647256786	24x26x9 MaxSteel Metal Two-Car Garage	This 24x26x9 MaxSteel Metal Garage is the perfect solution for homeowners needing secure, weather-resistant storage for two vehicles, equipment, or a workshop. With durable steel construction and a spacious layout, this garage is built to last while offering versatile functionality. Price is + tax.	in stock	new	13517.75 USD	https://homesteadlandingtn.com/shop/24x26x9-maxsteel-metal-two-car-garage-rent-to-own-available-1381843647256786	https://raw.githubusercontent.com/homesteadlandingtn-dixy/homestead-shop-data/main/shop/24x26x9-maxsteel-metal-two-car-garage-1381843647256786-cover.jpg	MaxSteel
1806867044087263	26x20x6 MaxSteel Metal Carport	Looking for a reliable way to protect your vehicles, equipment, or outdoor workspace? This 26x20x6 MaxSteel Metal Carport provides ample coverage while maintaining an open and accessible design. Built to last, this structure ensures durability and protection from the elements. Price is + tax.	in stock	new	4264.89 USD	https://homesteadlandingtn.com/shop/26x20x6-maxsteel-metal-carport-rent-to-own-available-1806867044087263	https://raw.githubusercontent.com/homesteadlandingtn-dixy/homestead-shop-data/main/shop/26x20x6-maxsteel-metal-carport-1806867044087263-cover.jpg	MaxSteel
1768849967879204	16x25x9 MaxSteel Metal Workshop	Looking to create a dedicated workshop or need extra storage space for your projects and equipment? This 16x25x9 MaxSteel Metal Workshop is designed to handle your tools, vehicles, or hobbies with durability and style. Price is + tax.	in stock	new	7884.00 USD	https://homesteadlandingtn.com/shop/16x25x9-maxsteel-metal-workshop-winter-ready-workspace-1768849967879204	https://raw.githubusercontent.com/homesteadlandingtn-dixy/homestead-shop-data/main/shop/16x25x9-maxsteel-metal-workshop-1768849967879204-cover.jpg	MaxSteel
28134527002800268	12x20x8 MaxSteel Metal Carport	This 12x20x8 MaxSteel Carport is a simple, durable solution to protect your vehicle, boat, or equipment from the elements. With an enclosed back and one side panel for added protection, this unit is built to handle whatever the Tennessee weather throws at it. Need additional customizations? We’ve got you covered—just ask! Price is + tax.	in stock	new	2756.92 USD	https://homesteadlandingtn.com/shop/12x20x8-maxsteel-metal-carport-rent-to-own-available-28134527002800268	https://raw.githubusercontent.com/homesteadlandingtn-dixy/homestead-shop-data/main/shop/12x20x8-maxsteel-metal-carport-28134527002800268-cover.jpg	MaxSteel
1419061323427172	10x12 Playhouse	Looking for the perfect playhouse that’s as charming as it is sturdy? This 10x12 Derksen Victorian Playhouse brings elegant design and durability together, creating a safe and fun space your kids will love! Price is + tax.	in stock	new	4705.00 USD	https://homesteadlandingtn.com/shop/10x12-wooden-playhouse-rent-to-own-available-1419061323427172	https://raw.githubusercontent.com/homesteadlandingtn-dixy/homestead-shop-data/main/shop/10x12-playhouse-1419061323427172-cover.jpg	Homestead Landing
1072733225510034	24x35x8 MaxSteel Combo Carport / Storage	Need covered parking and secure storage? This 24×35×8 MaxSteel Combo Carport gives you the best of both worlds. Wide open parking up front, lockable storage in the back, and built tough enough for Tennessee weather. It’s a great fit for trucks, trailers, mowers, side-by-sides, or that project you’ve been meaning to get to. Price is + tax.	in stock	new	11423.88 USD	https://homesteadlandingtn.com/shop/24x35x8-maxsteel-combo-carport-storage-free-installation-1072733225510034	https://raw.githubusercontent.com/homesteadlandingtn-dixy/homestead-shop-data/main/shop/24x35x8-maxsteel-combo-carport-storage-1072733225510034-cover.jpg	MaxSteel
27863382069984436	20x20x9 MaxSteel Metal Garage	This 20x20x9 MaxSteel Metal Garage offers the perfect balance of enclosed security and open space. Whether you need a place to store vehicles, tools, or equipment, this garage is built to last with durable steel framing and a vertical roof design for maximum weather resistance. Customize it to fit your needs and enjoy long-term protection with warranties that back it up! Price is + tax.	in stock	new	9217.00 USD	https://homesteadlandingtn.com/shop/20x20x9-maxsteel-metal-garage-rent-to-own-available-27863382069984436	https://raw.githubusercontent.com/homesteadlandingtn-dixy/homestead-shop-data/main/shop/20x20x9-maxsteel-metal-garage-27863382069984436-cover.jpg	MaxSteel
1752433622427676	12x20x8 MaxSteel Metal Carport	This 12x20x8 MaxSteel Metal Carport is the perfect solution for protecting your vehicles, equipment, or outdoor storage from the elements. Whether you need coverage for your car, truck, boat, or lawn equipment, this durable steel structure is built to last. With a sturdy metal frame and weather-resistant panels, it provides reliable protection year-round while maintaining a clean, low-maintenance design. Price is + tax.	in stock	new	2565.96 USD	https://homesteadlandingtn.com/shop/12x20x8-maxsteel-metal-carport-rent-to-own-available-1752433622427676	https://raw.githubusercontent.com/homesteadlandingtn-dixy/homestead-shop-data/main/shop/12x20x8-maxsteel-metal-carport-1752433622427676-cover.jpg	MaxSteel
1561232155444592	25x40x10 MaxSteel Metal Garage	💥 Built-to-Order 40x25 MaxSteel Metal Side-Entry Garage – Shelter for Your Equipment Without the Doors You Don’t Need 💥 Price is + tax.	in stock	new	17050.00 USD	https://homesteadlandingtn.com/shop/25x40x10-maxsteel-metal-garage-rent-to-own-available-1561232155444592	https://raw.githubusercontent.com/homesteadlandingtn-dixy/homestead-shop-data/main/shop/25x40x10-maxsteel-metal-garage-1561232155444592-cover.jpg	MaxSteel
1042637151903034	12x20x9 MaxSteel Greenhouse	Last-minute planning for winter plants? No worries—we’ve got your back! Thinking about going all-out in the garden next summer? Start now and be ready to grow like a pro with this 12x20x9 MaxSteel Metal Greenhouse. Price is + tax.	in stock	new	9049.99 USD	https://homesteadlandingtn.com/shop/12x20x9-maxsteel-greenhouse-grow-all-winter-long-1042637151903034	https://raw.githubusercontent.com/homesteadlandingtn-dixy/homestead-shop-data/main/shop/12x20x9-maxsteel-greenhouse-1042637151903034-cover.jpg	MaxSteel
1505746554636572	20x25x6 MaxSteel Metal Carport	The 20x25x6 MaxSteel Standard Style Metal Carport is an affordable and reliable solution for protecting your vehicles, equipment, and outdoor storage from the elements. Built with a durable 14-gauge steel frame and a 29-gauge metal roof, this carport provides superior strength and longevity. Its open-sided design allows for easy access while keeping your investments shielded from sun, rain, and snow. Price is + tax.	in stock	new	3152.31 USD	https://homesteadlandingtn.com/shop/20x25x6-maxsteel-metal-carport-rent-to-own-available-1505746554636572	https://raw.githubusercontent.com/homesteadlandingtn-dixy/homestead-shop-data/main/shop/20x25x6-maxsteel-metal-carport-1505746554636572-cover.jpg	MaxSteel
2685778725157627	12x36 Derksen Cabin	Dreaming of a cozy cabin retreat? This 12x36 Derksen Cabin with a 6ft Porch offers charm, functionality, and plenty of space to create your perfect getaway. Whether you need extra living space, a hobby room, or just a peaceful spot to unwind, this cabin has you covered! Price is + tax.	in stock	new	14880.00 USD	https://homesteadlandingtn.com/shop/12x36-derksen-cabin-with-porch-rent-to-own-available-2685778725157627	https://raw.githubusercontent.com/homesteadlandingtn-dixy/homestead-shop-data/main/shop/12x36-derksen-cabin-2685778725157627-cover.jpg	Derksen
2187353361828435	20x30x12 MaxSteel RV Cover	Protect your RV, boat, or oversized vehicle with this 20x30x12 MaxSteel RV Cover. Designed for durability and long-term use, this structure provides ample height and coverage to shield your investment from harsh weather. Built with high-quality materials, it ensures lasting protection while maintaining an open and accessible design. Price is + tax.	in stock	new	4427.32 USD	https://homesteadlandingtn.com/shop/20x30x12-maxsteel-rv-cover-rent-to-own-available-2187353361828435	https://raw.githubusercontent.com/homesteadlandingtn-dixy/homestead-shop-data/main/shop/20x30x12-maxsteel-rv-cover-2187353361828435-cover.jpg	MaxSteel
1447240113910980	20x20x8 MaxSteel Metal Garage	Looking for a durable and secure storage solution for your vehicles, equipment, or workshop? The 20' x 20' x 8' MaxSteel Metal Garage is built to last, featuring a 14-gauge steel frame and 29-gauge metal panels for superior protection against the elements. With a wide entry space, enclosed walls, and custom options available, this garage is perfect for storing cars, motorcycles, ATVs, tools, and more. Price is + tax.	in stock	new	7029.31 USD	https://homesteadlandingtn.com/shop/20x20x8-maxsteel-metal-garage-rent-to-own-available-1447240113910980	https://raw.githubusercontent.com/homesteadlandingtn-dixy/homestead-shop-data/main/shop/20x20x8-maxsteel-metal-garage-1447240113910980-cover.jpg	MaxSteel
955447864247420	16×20×8 MaxSteel Double-Wide Carport	Need simple, affordable coverage for your vehicles or equipment? Price is + tax.	in stock	new	3088.00 USD	https://homesteadlandingtn.com/shop/16-20-8-maxsteel-double-wide-carport-heavy-duty-steel-metal-955447864247420	https://raw.githubusercontent.com/homesteadlandingtn-dixy/homestead-shop-data/main/shop/16-20-8-maxsteel-double-wide-carport-955447864247420-cover.jpg	MaxSteel
1752754079063797	36x15x10/7 MaxSteel Pinnacle Barn	The 36' x 15' x 10' MaxSteel Pinnacle Metal Barn delivers heavy-duty coverage with a taller center peak and classic barn-style roofline. This barn-style structure offers improved wind and rain protection while keeping the sides open and accessible. Price is + tax.	in stock	new	8353.00 USD	https://homesteadlandingtn.com/shop/36x15x10-7-maxsteel-pinnacle-barn-rent-to-own-available-1752754079063797	https://raw.githubusercontent.com/homesteadlandingtn-dixy/homestead-shop-data/main/shop/36x15x10-7-maxsteel-pinnacle-barn-1752754079063797-cover.jpg	MaxSteel
947100271739922	16x50 Side Cabin	The 16' x 50' Derksen Side Cabin is built for comfort and durability, making it an excellent option for a tiny home, guest house, or weekend retreat. Designed with energy-efficient Thermopane windows, house wrap for moisture protection, and a welcoming 9-lite door, this cabin is ready to be finished to fit your vision. With ample natural light and a spacious layout, this cabin offers the perfect combination of functionality and style. Price is + tax.	in stock	new	27257.14 USD	https://homesteadlandingtn.com/shop/16x50-side-cabin-with-porch-rent-to-own-available-947100271739922	https://raw.githubusercontent.com/homesteadlandingtn-dixy/homestead-shop-data/main/shop/16x50-side-cabin-947100271739922-cover.jpg	Homestead Landing
1010476385163349	12x32 Derksen Side Cabin	Looking for a cabin that offers charm, space, and functionality? This 12x32 Derksen Side Cabin with a 10' front porch is perfect for creating your dream retreat, hobby space, or extra living area. Price is + tax.	in stock	new	17285.25 USD	https://homesteadlandingtn.com/shop/12x32-derksen-side-cabin-with-porch-rent-to-own-available-1010476385163349	https://raw.githubusercontent.com/homesteadlandingtn-dixy/homestead-shop-data/main/shop/12x32-derksen-side-cabin-1010476385163349-cover.jpg	Derksen
1524186449011611	10x16 Derksen Side Entry Utility Shed	Need a reliable and affordable storage solution? This 10x16 Derksen Best Value Side Entry Utility Shed is the perfect space for keeping your tools, equipment, or seasonal items safe and organized. Price is + tax.	in stock	new	4015.00 USD	https://homesteadlandingtn.com/shop/10x16-derksen-side-entry-utility-shed-winter-storage-rto-ava-1524186449011611	https://raw.githubusercontent.com/homesteadlandingtn-dixy/homestead-shop-data/main/shop/10x16-derksen-side-entry-utility-shed-1524186449011611-cover.jpg	Derksen
1569120974550510	16x44 Derksen Portable Cabin	Looking for a roomy cabin to customize and make your tiny home? This 16x44 Derksen Portable Cabin with a 4ft porch is perfect for DIY enthusiasts or anyone needing extra space for living, hobbies, or storage. Price is + tax.	in stock	new	20881.16 USD	https://homesteadlandingtn.com/shop/16x44-derksen-portable-cabin-rent-to-own-available-1569120974550510	https://raw.githubusercontent.com/homesteadlandingtn-dixy/homestead-shop-data/main/shop/16x44-derksen-portable-cabin-1569120974550510-cover.jpg	Derksen
1599853648172591	10x16 Derksen Side Gable Utility Shed	This 10x16 Derksen Side Gable Utility Shed is the perfect solution for your storage needs, offering both functionality and style. Whether you're looking for a place to store tools, seasonal decorations, or outdoor equipment, this shed provides the durability and space you need. With its side gable design, it adds a classic touch while maximizing interior headroom. Price is + tax.	in stock	new	4719.00 USD	https://homesteadlandingtn.com/shop/10x16-derksen-side-gable-utility-shed-winter-storage-no-cred-1599853648172591	https://raw.githubusercontent.com/homesteadlandingtn-dixy/homestead-shop-data/main/shop/10x16-derksen-side-gable-utility-shed-1599853648172591-cover.jpg	Derksen
1018049274311132	12x32 Derksen DIY Cabin	This 12x32 Derksen DIY Cabin is the perfect blank slate for your next big project! Whether you're dreaming of a cozy getaway, a backyard office, or a full-time tiny home, this cabin gives you the flexibility to make it your own. With electrical already installed, you're one step closer to bringing your vision to life. Price is + tax.	in stock	new	12192.38 USD	https://homesteadlandingtn.com/shop/12x32-derksen-diy-cabin-with-electric-rent-to-own-available-1018049274311132	https://raw.githubusercontent.com/homesteadlandingtn-dixy/homestead-shop-data/main/shop/12x32-derksen-diy-cabin-1018049274311132-cover.jpg	Derksen
1088406736968463	10x16 Derksen Metal Utility Shed	Need a durable, low-maintenance storage solution? This 10x16 Derksen Metal Utility Shed is built to withstand the elements while keeping your belongings secure. Whether you need extra space for tools, lawn equipment, or seasonal storage, this shed offers long-lasting protection with metal siding and roofing. Price is + tax.	in stock	new	3325.00 USD	https://homesteadlandingtn.com/shop/10x16-derksen-metal-utility-shed-rent-to-own-available-1088406736968463	https://raw.githubusercontent.com/homesteadlandingtn-dixy/homestead-shop-data/main/shop/10x16-derksen-metal-utility-shed-1088406736968463-cover.jpg	Derksen
2118322719064298	14x40 Derksen Side Cabin	Looking for a spacious cabin with charm and functionality? This 14x40 Derksen Side Cabin features dormers with octagon windows and a cozy porch, making it perfect for a retreat, workspace, or guest house. Price is + tax.	in stock	new	22119.32 USD	https://homesteadlandingtn.com/shop/14x40-derksen-side-cabin-rent-to-own-available-2118322719064298	https://raw.githubusercontent.com/homesteadlandingtn-dixy/homestead-shop-data/main/shop/14x40-side-cabin-2118322719064298-cover.jpg	Derksen
1710007206884072	12x24 Derksen Best Value Side Entry Shed	Looking for affordable storage with easy access? This 12x24 Derksen Best Value Side Entry Shed gives you plenty of space with a convenient side-entry design—perfect for tools, lawn equipment, or workshop needs. Built with quality materials at a budget-friendly price, this shed is a great investment for any property. Price is + tax.	in stock	new	5355.74 USD	https://homesteadlandingtn.com/shop/12x24-derksen-best-value-side-entry-shed-rent-to-own-availab-1710007206884072	https://raw.githubusercontent.com/homesteadlandingtn-dixy/homestead-shop-data/main/shop/12x24-derksen-best-value-side-entry-shed-1710007206884072-cover.jpg	Derksen
1567370271841674	12x24 Derksen Best Value Shed	This 12x24 Derksen Best Value Shed is a solid choice when you need more room without overcomplicating it. Great for tools, lawn equipment, seasonal storage, or setting up a simple workspace at home. Price is + tax.	in stock	new	4815.00 USD	https://homesteadlandingtn.com/shop/12x24-derksen-best-value-shed-big-pre-winter-storage-room-1567370271841674	https://raw.githubusercontent.com/homesteadlandingtn-dixy/homestead-shop-data/main/shop/12x24-derksen-best-value-shed-1567370271841674-cover.jpg	Derksen
2271334616987432	10x14 Derksen Utility Shed	This 10x14 Derksen Wooden Utility Shed is the perfect way to create practical storage for tools, lawn equipment, seasonal items, and household overflow. With 8' walls and double shop built doors, it gives you easy access and plenty of usable space. Price is + tax.	in stock	new	4355.91 USD	https://homesteadlandingtn.com/shop/10x14-derksen-utility-shed-rent-to-own-available-2271334616987432	https://raw.githubusercontent.com/homesteadlandingtn-dixy/homestead-shop-data/main/shop/10x14-derksen-utility-shed-2271334616987432-cover.jpg	Derksen
2543858462714439	10x20 Lofted Barn	This 10x20 Lofted Barn is perfect for storage, projects, or a dedicated workspace. With plenty of lofted space and a full-width workbench, it's designed to help you stay organized while making the most of every square foot. Price is + tax.	in stock	new	6746.00 USD	https://homesteadlandingtn.com/shop/10x20-lofted-barn-with-workbench-rent-to-own-available-2543858462714439	https://raw.githubusercontent.com/homesteadlandingtn-dixy/homestead-shop-data/main/shop/10x20-lofted-barn-2543858462714439-cover.jpg	Homestead Landing
1026819323556007	16x40 Side Cabin	This 16x40 Side Cabin is designed for comfort, style, and functionality with plenty of natural light and high-quality construction. Whether you're creating a cozy getaway, a backyard office, or a full-time tiny home, this cabin is built to last and ready for your personal touch. Price is + tax.	in stock	new	24348.03 USD	https://homesteadlandingtn.com/shop/16x40-side-cabin-with-dormer-rent-to-own-available-1026819323556007	https://raw.githubusercontent.com/homesteadlandingtn-dixy/homestead-shop-data/main/shop/16x40-side-cabin-1026819323556007-cover.jpg	Homestead Landing
4030073100624458	16x40 Derksen Side Utility Cabin	Looking for a budget-friendly way to create your own cozy retreat? This 16x40 Derksen Side Cabin started as a Side Utility and has been upgraded to offer the perfect balance of style and function. Whether you're downsizing, adding a guest space, or building your dream getaway, this cabin provides an affordable, low-maintenance alternative to traditional housing—without sacrificing comfort or charm. Price is + tax.	in stock	new	22550.40 USD	https://homesteadlandingtn.com/shop/16x40-derksen-side-utility-cabin-rent-to-own-available-4030073100624458	https://raw.githubusercontent.com/homesteadlandingtn-dixy/homestead-shop-data/main/shop/16x40-side-utility-cabin-4030073100624458-cover.jpg	Derksen
1338247618282658	10x20 Metal Side Utility Shed	Looking for a tough, low-maintenance storage solution? This 10x20 Derksen Metal Side Utility Shed offers plenty of space for tools, lawn equipment, or even a workspace—all with the durability of metal siding and roofing to stand the test of time. Price is + tax.	in stock	new	5122.00 USD	https://homesteadlandingtn.com/shop/10x20-metal-side-utility-shed-rent-to-own-available-1338247618282658	https://raw.githubusercontent.com/homesteadlandingtn-dixy/homestead-shop-data/main/shop/10x20-derksen-metal-side-utility-shed-1338247618282658-cover.jpg	Homestead Landing
1765443321364513	12x24 Derksen Best Value Utility Shed	Need extra space without breaking the bank? This 12x24 Derksen Best Value Shed delivers affordable storage with solid construction—perfect for tools, equipment, or a workshop. Built for durability, this shed provides plenty of room and a clean, functional design at a great price! Price is + tax.	in stock	new	4815.00 USD	https://homesteadlandingtn.com/shop/12x24-derksen-best-value-utility-shed-rent-to-own-available-1765443321364513	https://raw.githubusercontent.com/homesteadlandingtn-dixy/homestead-shop-data/main/shop/12x24-derksen-best-value-utility-shed-1765443321364513-cover.jpg	Derksen
1722508705627338	12x24 Side Lofted Barn	Looking for a versatile storage solution that goes beyond just a shed? This 12x24 Derksen Side Lofted Barn is built for functionality and durability, making it a perfect fit for workshops, hobby spaces, or extra storage. With lofts for added space, a workbench, peg board, and a full electric package, this barn is ready to work as hard as you do. Price is + tax.	in stock	new	9302.00 USD	https://homesteadlandingtn.com/shop/12x24-side-lofted-barn-winter-storage-no-credit-check-1722508705627338	https://raw.githubusercontent.com/homesteadlandingtn-dixy/homestead-shop-data/main/shop/12x24-side-lofted-barn-1722508705627338-cover.jpg	Homestead Landing
1725091638799736	16x40 Derksen Side Cabin	Looking for the perfect retreat to turn into a cozy getaway or full-time living space? This 16x40 Side Cabin is built with expansive windows, a spacious front porch, and stylish dormer systems, making it the ideal foundation for your dream cabin. Whether you’re planning a personal escape or a functional workspace, this one is ready to go! Price is + tax.	in stock	new	25293.95 USD	https://homesteadlandingtn.com/shop/16x40-derksen-side-cabin-rent-to-own-available-1725091638799736	https://raw.githubusercontent.com/homesteadlandingtn-dixy/homestead-shop-data/main/shop/16x40-side-cabin-1725091638799736-cover.jpg	Derksen
1074526308824153	10x12 Utility Shed	Need extra storage space that’s built to last? This 10x12 Derksen Utility Shed offers a sturdy, portable solution for storing tools, lawn equipment, seasonal décor, and more. With its wooden exterior, it blends seamlessly into any property while providing reliable protection from the elements. Price is + tax.	in stock	new	3972.00 USD	https://homesteadlandingtn.com/shop/10x12-wooden-utility-shed-pre-winter-storage-rto-available-1074526308824153	https://raw.githubusercontent.com/homesteadlandingtn-dixy/homestead-shop-data/main/shop/10x12-utility-shed-1074526308824153-cover.jpg	Homestead Landing
1657893428613058	16x44 Derksen Side Cabin	This 16x44 Side Cabin is the perfect balance of space, style, and function—whether you're creating a weekend retreat, a tiny home, or a backyard getaway. With plenty of natural light, a charming porch, and a stylish dormer, this cabin is ready for whatever vision you have in mind! Price is + tax.	in stock	new	27525.34 USD	https://homesteadlandingtn.com/shop/16x44-derksen-side-cabin-rent-to-own-available-1657893428613058	https://raw.githubusercontent.com/homesteadlandingtn-dixy/homestead-shop-data/main/shop/16x44-side-cabin-1657893428613058-cover.jpg	Derksen
1544289366760871	10x12 Side Gable Utility Shed	The 10x12 Side Gable Utility Shed combines functionality with a stylish design, making it a great addition to any backyard, workshop, or homestead. Featuring a side-entry layout and a sleek gable roof, this shed maximizes accessibility and storage space. Built with high-quality materials and expert craftsmanship, it's perfect for storing tools, lawn equipment, and seasonal items while enhancing the look of your property. Price is + tax.	in stock	new	4166.00 USD	https://homesteadlandingtn.com/shop/10x12-side-gable-utility-shed-pre-winter-storage-rto-availab-1544289366760871	https://raw.githubusercontent.com/homesteadlandingtn-dixy/homestead-shop-data/main/shop/10x12-side-gable-utility-shed-1544289366760871-cover.jpg	Homestead Landing
907486382001353	12x36 Platinum Deluxe Cabin	If you've been dreaming of a cabin-style getaway or a cozy DIY tiny home, this 12x36 Platinum Deluxe Cabin is the perfect start! With a wrap-around porch and plenty of windows, it's ready to be transformed into a retreat, guest house, or workspace. Price is + tax.	in stock	new	14112.00 USD	https://homesteadlandingtn.com/shop/12x36-platinum-deluxe-cabin-rent-to-own-available-907486382001353	https://raw.githubusercontent.com/homesteadlandingtn-dixy/homestead-shop-data/main/shop/12x36-cabin-907486382001353-cover.jpg	Homestead Landing
1418022306893970	10x16 Derksen Lofted Barn	Tired of paying for off-site storage? This 10x16 Derksen Lofted Barn gives you 30–40% more storage space thanks to its loft — all in your own backyard. Price is + tax.	in stock	new	4845.00 USD	https://homesteadlandingtn.com/shop/10x16-derksen-lofted-barn-pre-winter-storage-free-delivery-1418022306893970	https://raw.githubusercontent.com/homesteadlandingtn-dixy/homestead-shop-data/main/shop/10x16-derksen-lofted-barn-1418022306893970-cover.jpg	Derksen
1599859811786402	8x16 Metal Shed	Need reliable storage at a budget-friendly price? This 8x16 Derksen Best Value Metal Shed is designed for durability, featuring sturdy metal siding, a reinforced floor, and a secure 48” shop door to keep your belongings safe. Whether for tools, seasonal items, or extra workspace, this shed has you covered. Price is + tax.	in stock	new	2590.00 USD	https://homesteadlandingtn.com/shop/8x16-metal-shed-rent-to-own-available-1599859811786402	https://raw.githubusercontent.com/homesteadlandingtn-dixy/homestead-shop-data/main/shop/8x16-metal-shed-1599859811786402-cover.jpg	Homestead Landing
1331769828557826	10x16 Derksen Platinum Cabana	This 10x16 Derksen Platinum Cabana is designed for those who love the outdoors but want to do it in style. Whether it’s a backyard retreat, a lakeside lounge, or a resort-style hangout, this cabana is built to impress and made to last. Price is + tax.	in stock	new	5822.82 USD	https://homesteadlandingtn.com/shop/10x16-derksen-platinum-cabana-rent-to-own-available-1331769828557826	https://raw.githubusercontent.com/homesteadlandingtn-dixy/homestead-shop-data/main/shop/10x16-derksen-platinum-cabana-1331769828557826-cover.jpg	Derksen
1314073404219398	8x16 Derksen Dog Kennel	The 8x16 Derksen Dog Kennel is designed to provide a secure, comfortable, and well-ventilated space for your dogs. Featuring built-in outdoor runs, insulated dog boxes, and durable construction, this kennel ensures protection from the elements while allowing ample space for movement. Whether you need a reliable setup for multiple dogs or a professional-grade kennel for breeding or boarding, this structure delivers long-lasting quality and convenience. Price is + tax.	in stock	new	6692.05 USD	https://homesteadlandingtn.com/shop/8x16-derksen-dog-kennel-rent-to-own-available-1314073404219398	https://raw.githubusercontent.com/homesteadlandingtn-dixy/homestead-shop-data/main/shop/8x16-derksen-dog-kennel-1314073404219398-cover.jpg	Derksen
2744905725881730	10x16 Derksen Side Lofted Barn	Looking for charm and storage all in one? This 10x16 Derksen Portable Side Lofted Barn packs both style and function into a compact footprint. With its classic barn roof, double lofts for extra storage, and side-entry design, it's perfect for organizing tools, storing seasonal gear, or transforming into a cozy backyard workshop. Built with quality materials and crafted to last, this barn is ready to meet your needs—whether you're expanding your homestead or just want to declutter your life. Price is + tax.	in stock	new	5039.00 USD	https://homesteadlandingtn.com/shop/10x16-derksen-side-lofted-barn-rent-to-own-available-2744905725881730	https://raw.githubusercontent.com/homesteadlandingtn-dixy/homestead-shop-data/main/shop/10x16-derksen-side-lofted-barn-2744905725881730-cover.jpg	Derksen
2261294661357102	10x12 Side Lofted Barn	Need dependable backyard storage with a little extra overhead space? This 10×12 Derksen Side Lofted Barn is a great fit for tools, lawn equipment, or seasonal storage - built solid and ready to go. Price is + tax.	in stock	new	4937.00 USD	https://homesteadlandingtn.com/shop/10x12-side-lofted-barn-rent-to-own-available-2261294661357102	https://raw.githubusercontent.com/homesteadlandingtn-dixy/homestead-shop-data/main/shop/10x12-derksen-side-lofted-barn-2261294661357102-cover.jpg	Homestead Landing
2010201646350055	12x32 Derksen Lofted Barn Cabin	12x32 Derksen Lofted Barn Cabin – the ultimate DIY haven! Tailor it into a charming backwoods cabin, a cozy hunting lodge, or a welcoming mother-in-law cabin. Price is + tax.	in stock	new	11414.00 USD	https://homesteadlandingtn.com/shop/12x32-derksen-lofted-barn-cabin-with-electrical-package-rent-2010201646350055	https://raw.githubusercontent.com/homesteadlandingtn-dixy/homestead-shop-data/main/shop/12x32-lofted-barn-cabin-2010201646350055-cover.jpg	Derksen
1300123565525907	12x20 Derksen Metal Shed	This 12x20 Derksen Best Value Shed is a practical way to create extra storage for mowers, tools, seasonal gear, or a small work area. It gives you solid Derksen construction in a budget-friendly package without taking over the whole yard. Price is + tax.	in stock	new	4475.00 USD	https://homesteadlandingtn.com/shop/12x20-derksen-metal-shed-rent-to-own-available-1300123565525907	https://raw.githubusercontent.com/homesteadlandingtn-dixy/homestead-shop-data/main/shop/12x20-derksen-metal-shed-1300123565525907-cover.jpg	Derksen
1171855508290365	12x20 Side Utility Shed	This 12x20 Derksen Side Gable Utility Shed isn't just storage—it's a statement! With charming shutters, painted LP siding, and a polished look, this shed blends function and style seamlessly. Perfect for keeping your tools, equipment, or seasonal items protected while adding curb appeal to your property. Price is + tax.	in stock	new	6408.00 USD	https://homesteadlandingtn.com/shop/12x20-side-utility-shed-rent-to-own-available-1171855508290365	https://raw.githubusercontent.com/homesteadlandingtn-dixy/homestead-shop-data/main/shop/12x20-derksen-side-utility-shed-1171855508290365-cover.jpg	Homestead Landing
2507694019657574	10x12 Derksen Best Value Side Entry Shed	Looking for a sturdy and affordable way to organize your tools, lawn equipment, or seasonal items? This 10x12 Derksen Best Value Side Entry Shed delivers quality and durability without the hefty price tag. Price is + tax.	in stock	new	3190.00 USD	https://homesteadlandingtn.com/shop/10x12-derksen-best-value-side-entry-shed-rent-to-own-availab-2507694019657574	https://raw.githubusercontent.com/homesteadlandingtn-dixy/homestead-shop-data/main/shop/10x12-derksen-best-value-side-entry-shed-2507694019657574-cover.jpg	Derksen
1517904543409582	8x12 Derksen Greenhouse	Start your gardening season early with this 8x12 Derksen Greenhouse! Designed for maximum sunlight exposure and ventilation, this portable greenhouse helps you extend your growing season year-round. Built with durable polycarbonate panels, a sturdy frame, and an exhaust fan for airflow, it provides the perfect environment for plants, vegetables, and flowers. Plus, with rent-to-own options and free delivery within 50 miles of Dickson, TN, it's never been easier to set up your dream greenhouse! Price is + tax.	in stock	new	4438.00 USD	https://homesteadlandingtn.com/shop/8x12-derksen-white-greenhouse-grow-through-winter-1517904543409582	https://raw.githubusercontent.com/homesteadlandingtn-dixy/homestead-shop-data/main/shop/8x12-derksen-greenhouse-1517904543409582-cover.jpg	Derksen
780517691818060	8x20 Derksen Chicken Coop	This 8x20 Derksen Chicken Coop is the perfect way to create a dedicated backyard setup for your chickens while giving them protection from the weather. Price is + tax.	in stock	new	7440.00 USD	https://homesteadlandingtn.com/shop/8x20-derksen-chicken-coop-winter-shelter-for-your-flock-780517691818060	https://raw.githubusercontent.com/homesteadlandingtn-dixy/homestead-shop-data/main/shop/8x20-derksen-chicken-coop-780517691818060-cover.jpg	Derksen
940027825069717	10x16 Derksen Side Lofted Barn	10x16 Derksen Portable Side Lofted Barn – Built for Storage Price is + tax.	in stock	new	5039.00 USD	https://homesteadlandingtn.com/shop/10x16-derksen-side-lofted-barn-rent-to-own-no-credit-check-940027825069717	https://raw.githubusercontent.com/homesteadlandingtn-dixy/homestead-shop-data/main/shop/10x16-derksen-side-lofted-barn-940027825069717-cover.jpg	Derksen
2194687501091611	10x16 Derksen Best Value Shed	Looking for a sturdy, budget-friendly storage solution? This 10x16 Derksen Best Value Shed is designed to give you ample space for tools, lawn equipment, and more—all at an affordable price. With durable construction and free delivery to most areas, it’s a smart investment for your property. Price is + tax.	in stock	new	4845.48 USD	https://homesteadlandingtn.com/shop/10x16-derksen-best-value-shed-winter-ready-storage-2194687501091611	https://raw.githubusercontent.com/homesteadlandingtn-dixy/homestead-shop-data/main/shop/10x16-derksen-best-value-shed-2194687501091611-cover.jpg	Derksen
3068671970151407	10x12 Derksen Best Value Shed	Need reliable storage at a great price? This 10x12 Derksen Best Value Shed offers the space you need for lawn equipment, tools, and more—all with durable construction and affordable payment options. Perfect for homeowners looking for a budget-friendly storage solution without sacrificing quality! Price is + tax.	in stock	new	2670.00 USD	https://homesteadlandingtn.com/shop/10x12-derksen-best-value-shed-no-credit-check-rto-free-deliv-3068671970151407	https://raw.githubusercontent.com/homesteadlandingtn-dixy/homestead-shop-data/main/shop/10x12-derksen-best-value-shed-3068671970151407-cover.jpg	Derksen
2446782512409019	10x16 Derksen Side Lofted Barn	This 10x16 Derksen Side Lofted Barn is a great fit if you need solid storage space plus extra room overhead. The lofted design helps you keep more off the floor so you can stay organized and make the most of every square foot. Price is + tax.	in stock	new	5180.86 USD	https://homesteadlandingtn.com/shop/10x16-derksen-side-lofted-barn-winter-ready-overhead-storage-2446782512409019	https://raw.githubusercontent.com/homesteadlandingtn-dixy/homestead-shop-data/main/shop/10x16-derksen-side-lofted-barn-2446782512409019-cover.jpg	Derksen
1535610541564970	8x12 Derksen Best Value Shed	The 8x12 Derksen Best Value Shed offers reliable storage at an unbeatable price. Designed for those who need a sturdy, no-frills solution, this shed provides ample space for tools, equipment, and seasonal items. Built with quality materials and expert craftsmanship, it delivers the durability you expect from Derksen while keeping costs low. Whether you are organizing your backyard or adding extra storage to your property, this shed is an excellent investment. Price is + tax.	in stock	new	2242.00 USD	https://homesteadlandingtn.com/shop/8x12-derksen-best-value-shed-winter-ready-storage-1535610541564970	https://raw.githubusercontent.com/homesteadlandingtn-dixy/homestead-shop-data/main/shop/8x12-derksen-best-value-shed-1535610541564970-cover.jpg	Derksen
26814034421555620	8x12 Derksen Greenhouse	This 8x12 Derksen Greenhouse is the perfect way to create a protected space for seed starting, gardening, and keeping plants covered from the weather. It gives you a practical setup with plenty of sunlight, ventilation, and room to grow. Price is + tax.	in stock	new	4438.00 USD	https://homesteadlandingtn.com/shop/8x12-derksen-greenhouse-with-shelving-and-exhaust-fan-grow-a-26814034421555620	https://raw.githubusercontent.com/homesteadlandingtn-dixy/homestead-shop-data/main/shop/8x12-derksen-greenhouse-26814034421555620-cover.jpg	Derksen
2881796135518434	8x12 Xtra Tall Utility Shed	Transform Your Space with Style! Explore our 8x12 Utility Shed in Lite Grey with White Trim. Price is + tax.	in stock	new	3895.00 USD	https://homesteadlandingtn.com/shop/8x12-xtra-tall-utility-shed-rto-or-cash-cash-price-in-descri-2881796135518434	https://raw.githubusercontent.com/homesteadlandingtn-dixy/homestead-shop-data/main/shop/8x12-xtra-tall-utility-shed-2881796135518434-cover.jpg	Homestead Landing
1037636375836583	12x24 Cabin	This 12x24 Derksen Portable Cabin is a great option if you want a building with a lot of potential. Whether you are planning a DIY getaway cabin, a hunting setup, extra guest space, or a backyard project, this one gives you a strong start with a porch, windows, and a finished exterior look. Price is + tax.	in stock	new	8151.00 USD	https://homesteadlandingtn.com/shop/12x24-painted-cabin-diy-ready-1037636375836583	https://raw.githubusercontent.com/homesteadlandingtn-dixy/homestead-shop-data/main/shop/12x24-derksen-cabin-1037636375836583-cover.jpg	Homestead Landing
2176898036397340	12x16 Best Value Metal Shed	Affordable 12x16 Derksen Best Value Shed for sale in Dickson TN. Great for storage or projects. Free delivery within 50 miles. Rent-to-own available! Price is + tax.	in stock	new	4165.16 USD	https://homesteadlandingtn.com/shop/12x16-best-value-metal-shed-rent-to-own-no-credit-check-2176898036397340	https://raw.githubusercontent.com/homesteadlandingtn-dixy/homestead-shop-data/main/shop/12x16-best-value-metal-shed-2176898036397340-cover.jpg	Homestead Landing
1480383830097589	12x20 Best Value Side Entry Shed	Need extra storage without breaking the bank? This 12x20 Best Value Side Entry Shed offers a spacious, budget-friendly solution for storing tools, lawn equipment, and more! Featuring a wide side-entry door for easy access, durable wood construction, and a weather-resistant design, this shed provides secure, long-term storage at an unbeatable price. Plus, with rent-to-own options and free delivery within 50 miles of Dickson, TN, it's never been easier to upgrade your outdoor storage! Price is + tax.	in stock	new	4508.90 USD	https://homesteadlandingtn.com/shop/12x20-best-value-side-entry-shed-winter-ready-storage-1480383830097589	https://raw.githubusercontent.com/homesteadlandingtn-dixy/homestead-shop-data/main/shop/12x20-best-value-side-entry-shed-1480383830097589-cover.jpg	Homestead Landing
914341228416954	12x20 Garden Shed	Looking for a budget-friendly storage solution that doesn’t compromise on quality? This 12x20 Best Value Side Entry Shed is designed to give you the space you need at a price that works. With a spacious side entry, durable construction, and ample room for storage, this shed is perfect for organizing tools, lawn equipment, or seasonal items. If you're looking for a simple, no-fuss storage building, this is it! Price is + tax.	in stock	new	6208.00 USD	https://homesteadlandingtn.com/shop/12x20-garden-shed-rent-to-own-available-914341228416954	https://raw.githubusercontent.com/homesteadlandingtn-dixy/homestead-shop-data/main/shop/12x20-best-value-side-entry-shed-914341228416954-cover.jpg	Homestead Landing
713590208432510	7x10 Derksen Metro Shed	This 7x10 Derksen Metro Shed is the perfect way to create simple storage space when you need a building that fits a tighter spot. It gives you a practical setup for tools, seasonal items, and everyday overflow without taking up more room than you need. Price is + tax.	in stock	new	2804.71 USD	https://homesteadlandingtn.com/shop/7x10-derksen-metro-shed-rent-to-own-available-713590208432510	https://raw.githubusercontent.com/homesteadlandingtn-dixy/homestead-shop-data/main/shop/7x10-derksen-metro-shed-713590208432510-cover.jpg	Derksen
1489086995979373	8x12 Derksen Best Value Shed	The **8x12 Derksen Best Value Shed** is a budget-friendly storage solution without compromising on quality. Built for durability and practicality, it offers plenty of space for tools, equipment, and seasonal storage. With expert craftsmanship and high-quality materials, this shed ensures long-lasting performance at a price that fits your budget. Whether you're tidying up your backyard or expanding your storage options, this shed delivers exceptional value. Price is + tax.	in stock	new	2241.00 USD	https://homesteadlandingtn.com/shop/8x12-derksen-best-value-shed-winter-ready-storage-1489086995979373	https://raw.githubusercontent.com/homesteadlandingtn-dixy/homestead-shop-data/main/shop/1489086995979373-cover.jpg	Derksen
2167043094056870	10x16 Cabana	10x16 Derksen Portable Cabana – designed to be your perfect outdoor gathering place. With a stylish design, this Cabana is ready to elevate your outdoor environment. Price is + tax.	in stock	new	5282.00 USD	https://homesteadlandingtn.com/shop/10x16-wooden-cabana-rent-to-own-available-2167043094056870	https://raw.githubusercontent.com/homesteadlandingtn-dixy/homestead-shop-data/main/shop/10x16-derksen-cabana-2167043094056870-cover.jpg	Homestead Landing
1073785128491022	12x32 Portable Side Lofted Barn	Cash Price: $11,338 + tax Price is + tax.	in stock	new	11338.00 USD	https://homesteadlandingtn.com/shop/12x32-portable-side-lofted-barn-payments-available-1073785128491022	https://raw.githubusercontent.com/homesteadlandingtn-dixy/homestead-shop-data/main/shop/12x32-portable-side-lofted-barn-1073785128491022-cover.jpg	Homestead Landing
885134274646791	12x16 Derksen Lofted Barn	Your storage strategy is about to get a glow-up. This 12x16 Lofted Barn delivers that classic Derksen charm plus overhead loft space that massively expands your usable square footage. Translation: more gear stored, less chaos at home. High-value play, low-stress install. Price is + tax.	in stock	new	6058.60 USD	https://homesteadlandingtn.com/shop/12x16-derksen-lofted-barn-rent-to-own-available-885134274646791	https://raw.githubusercontent.com/homesteadlandingtn-dixy/homestead-shop-data/main/shop/12x16-derksen-lofted-barn-885134274646791-cover.jpg	Derksen
1257995619754131	10x20 Derksen Lofted Barn	This 10x20 Derksen Lofted Barn gives you a lot more than basic storage. With loft space overhead, multiple doors for easy access, transom windows, and a full 10-foot built-in workbench, it is already set up nicely for tools, projects, lawn equipment, or a combination of storage and workspace. Price is + tax.	in stock	new	7272.31 USD	https://homesteadlandingtn.com/shop/10x20-derksen-lofted-barn-built-in-workbench-winter-storage-1257995619754131	https://raw.githubusercontent.com/homesteadlandingtn-dixy/homestead-shop-data/main/shop/10x20-derksen-lofted-barn-1257995619754131-cover.jpg	Derksen
1412811790134619	10x16 Best Value Metal Shed	This is a 10x16 Best Value Metal Shed! Price is + tax.	in stock	new	3165.00 USD	https://homesteadlandingtn.com/shop/10x16-best-value-metal-shed-winter-ready-storage-no-credit-c-1412811790134619	https://raw.githubusercontent.com/homesteadlandingtn-dixy/homestead-shop-data/main/shop/10x16-best-value-metal-shed-1412811790134619-cover.jpg	Homestead Landing
4358228051111146	12x24 Derksen Side Lofted Barn	This 12x24 Derksen Side Lofted Barn is a great choice if you want storage space with a look that feels right at home with those coastal vibes. It gives you plenty of room for tools, equipment, seasonal storage, and everyday overflow, plus loft space to help keep your floor area open. Price is + tax.	in stock	new	9052.83 USD	https://homesteadlandingtn.com/shop/12x24-derksen-side-lofted-barn-own-your-storage-4358228051111146	https://raw.githubusercontent.com/homesteadlandingtn-dixy/homestead-shop-data/main/shop/12x24-derksen-side-lofted-barn-4358228051111146-cover.jpg	Derksen
1560569675032986	10x16 Utility Shed	This 10x16 Derksen Portable Utility Shed is a great choice if you want practical storage with a sharp look. Finished in Midnight Blue with White trim (my favorite color btw), it gives you the space you need for tools, lawn equipment, seasonal items, and everyday overflow while adding a clean style to your property. Price is + tax.	in stock	new	4525.00 USD	https://homesteadlandingtn.com/shop/10x16-utility-shed-midnight-blue-with-white-trim-1560569675032986	https://raw.githubusercontent.com/homesteadlandingtn-dixy/homestead-shop-data/main/shop/10x16-derksen-utility-shed-1560569675032986-cover.jpg	Homestead Landing
1266288692316422	12x20 Derksen Platinum Cabana	Derksen Cabana – designed to be your perfect outdoor gathering place. With a stylish design, this Cabana is ready to elevate your outdoor environment. Price is + tax.	in stock	new	8165.00 USD	https://homesteadlandingtn.com/shop/12x20-derksen-platinum-cabana-rent-to-own-no-credit-check-1266288692316422	https://raw.githubusercontent.com/homesteadlandingtn-dixy/homestead-shop-data/main/shop/12x20-derksen-platinum-cabana-1266288692316422-cover.jpg	Derksen
1559519798710990	10x20 Derksen Best Value Lofted Barn	"Looking for a spacious and secure storage solution? This 10x20 Derksen Best Value Lofted Barn has you covered with double 36"" shop doors, a secure lock and key, and two 2x3 windows for natural light. Perfect for storing tools, equipment, and more! Price is + tax."	in stock	new	6749.00 USD	https://homesteadlandingtn.com/shop/10x20-derksen-best-value-lofted-barn-winter-storage-no-credi-1559519798710990	https://raw.githubusercontent.com/homesteadlandingtn-dixy/homestead-shop-data/main/shop/10x20-derksen-best-value-lofted-barn-1559519798710990-cover.jpg	Derksen
2067394484118298	10x16 Derksen Cottage Shed	Transform your space into the ultimate getaway with this 10x16 Derksen Cottage Shed—perfect for creating your very own She Shed! Whether you need a quiet retreat, a crafting space, or a cozy backyard hangout, this shed has you covered in both style and functionality. Price is + tax.	in stock	new	5630.00 USD	https://homesteadlandingtn.com/shop/10x16-derksen-cottage-shed-she-shed-rent-to-own-available-2067394484118298	https://raw.githubusercontent.com/homesteadlandingtn-dixy/homestead-shop-data/main/shop/10x16-derksen-cottage-shed-2067394484118298-cover.jpg	Derksen
4284700451796072	10x16 Derksen Cottage Shed	This 10x16 Derksen Portable Cottage Shed is a great way to add practical storage and a sharp look to your property. With double shop built doors, windows for natural light, and solid portable construction, it gives you a dependable setup for tools, equipment, and everyday storage. Price is + tax.	in stock	new	5067.09 USD	https://homesteadlandingtn.com/shop/10x16-derksen-cottage-shed-winter-storage-no-credit-check-4284700451796072	https://raw.githubusercontent.com/homesteadlandingtn-dixy/homestead-shop-data/main/shop/10x16-derksen-cottage-shed-4284700451796072-cover.jpg	Derksen
1998453151024415	10x12 Best Value Shed	"We just got in a 10x12 Best Value Shed, featuring double 36"" shop doors with a secure lock and key. Perfect for storing your tools, equipment, or anything else you need to keep safe and organized! Price is + tax."	in stock	new	2590.00 USD	https://homesteadlandingtn.com/shop/10x12-best-value-shed-double-shop-doors-winter-ready-storage-1998453151024415	https://raw.githubusercontent.com/homesteadlandingtn-dixy/homestead-shop-data/main/shop/10x12-best-value-shed-1998453151024415-cover.jpg	Homestead Landing
464478956281026	10x20 Derksen Best Value Lofted Barn	This 10x20 Derksen Best Value Side Lofted Barn combines practical storage with eye-catching design, featuring Barn Red Paint and crisp White trim. With two 36” shop doors and two 3x3 windows, it offers plenty of light and easy access for all your storage needs. Price is + tax.	in stock	new	6804.00 USD	https://homesteadlandingtn.com/shop/10x20-derksen-best-value-lofted-barn-winter-storage-no-credi-464478956281026	https://raw.githubusercontent.com/homesteadlandingtn-dixy/homestead-shop-data/main/shop/10x20-derksen-best-value-lofted-barn-464478956281026-cover.jpg	Derksen
2468687936879284	8x12 Utility Shed	Looking for a reliable storage solution? This 8x12 Utility Shed features extra high walls and a spacious 48” shop door, all wrapped in a sleek Dark Grey exterior with a metal roof and Alamo White trim. Perfect for organizing tools, equipment, or household items! Price is + tax.	in stock	new	3556.00 USD	https://homesteadlandingtn.com/shop/8x12-painted-utility-shed-winter-ready-storage-no-credit-che-2468687936879284	https://raw.githubusercontent.com/homesteadlandingtn-dixy/homestead-shop-data/main/shop/8x12-utility-shed-2468687936879284-cover.jpg	Homestead Landing
1518473139988608	12x16 Derksen Side Entry Shed	Need a durable, reliable shed for your storage needs? This 12x16 Derksen Side Entry Shed offers unbeatable value with its sturdy build and sleek Lite Stone Metal siding, accented by Burnished Slate Metal trim. Price is + tax.	in stock	new	4664.00 USD	https://homesteadlandingtn.com/shop/12x16-derksen-side-entry-shed-cash-price-in-description-1518473139988608	https://raw.githubusercontent.com/homesteadlandingtn-dixy/homestead-shop-data/main/shop/12x16-derksen-side-entry-shed-1518473139988608-cover.jpg	Derksen
